base_mae,boundary,boundary_explanation_strength,boundary_factor,boundary_role,cooldown_support_span,corr_mae,delta_obs,delta_pct,effective_tau_steps,fitted_residual_params,group,nonharm,rule,rule_explanation_strength,rule_role,scale,tau_source,test_curve,test_label,uses_target_loss,win
0.003408385839825258,none,strong,1.0,ablation_no_adiabatic_boundary,4000,0.003105939729479421,128,-8.873587808396211,128.0,0,core_wsd,1,fixed_one_obs,strong,conservative_lower,25,Delta_obs,wsd_20000_24000.csv,WSD sharp,0,1
0.0031360955249893426,none,strong,1.0,ablation_no_adiabatic_boundary,4000,0.0028459593986666152,128,-9.251507934335423,128.0,0,core_wsd,1,fixed_one_obs,strong,conservative_lower,25,Delta_obs,wsdld_20000_24000.csv,WSD linear,0,1
0.004487187642230267,none,strong,1.0,ablation_no_adiabatic_boundary,2,0.003952854398972248,128,-11.907976350916305,128.0,0,core_wsd,1,fixed_one_obs,strong,conservative_lower,25,Delta_obs,wsdcon_3.csv,WSD-con 3e-5,0,1
0.002926482771138891,none,strong,1.0,ablation_no_adiabatic_boundary,2,0.002643621992326077,128,-9.665554214171369,128.0,0,core_wsd,1,fixed_one_obs,strong,conservative_lower,25,Delta_obs,wsdcon_9.csv,WSD-con 9e-5,0,1
0.002504818961791151,none,strong,1.0,ablation_no_adiabatic_boundary,2,0.0022955938345550347,128,-8.3529041590496,128.0,0,core_wsd,1,fixed_one_obs,strong,conservative_lower,25,Delta_obs,wsdcon_18.csv,WSD-con 18e-5,0,1
0.004428106847791531,none,strong,1.0,ablation_no_adiabatic_boundary,21840,0.004377345137823931,128,-1.146352419046004,128.0,0,extra_control,1,fixed_one_obs,strong,conservative_lower,25,Delta_obs,cosine_24000.csv,Cosine 24k,0,1
0.003761619732988638,none,strong,1.0,ablation_no_adiabatic_boundary,0,0.003761619732988638,128,0.0,128.0,0,extra_control,1,fixed_one_obs,strong,conservative_lower,25,Delta_obs,constant_24000.csv,Constant 24k,0,0
0.0015795124507172926,none,strong,1.0,ablation_no_adiabatic_boundary,0,0.0015795124507172926,128,0.0,128.0,0,extra_control,1,fixed_one_obs,strong,conservative_lower,25,Delta_obs,constant_72000.csv,Constant 72k,0,0
0.0037480705220761528,none,strong,1.0,ablation_no_adiabatic_boundary,4000,0.0033728558542758806,128,-10.010875344800906,128.0,0,core_wsd,1,fixed_one_obs,strong,conservative_lower,100,Delta_obs,wsd_20000_24000.csv,WSD sharp,0,1
0.003248313740665229,none,strong,1.0,ablation_no_adiabatic_boundary,4000,0.0028934573064894817,128,-10.924327589830519,128.0,0,core_wsd,1,fixed_one_obs,strong,conservative_lower,100,Delta_obs,wsdld_20000_24000.csv,WSD linear,0,1
0.0056693997340904675,none,strong,1.0,ablation_no_adiabatic_boundary,2,0.005056196111410382,128,-10.816023766905214,128.0,0,core_wsd,1,fixed_one_obs,strong,conservative_lower,100,Delta_obs,wsdcon_3.csv,WSD-con 3e-5,0,1
0.004934623402238123,none,strong,1.0,ablation_no_adiabatic_boundary,2,0.004627702097830964,128,-6.219751324243983,128.0,0,core_wsd,1,fixed_one_obs,strong,conservative_lower,100,Delta_obs,wsdcon_9.csv,WSD-con 9e-5,0,1
0.0013816404339982303,none,strong,1.0,ablation_no_adiabatic_boundary,2,0.0012636675474481565,128,-8.538609876136915,128.0,0,core_wsd,1,fixed_one_obs,strong,conservative_lower,100,Delta_obs,wsdcon_18.csv,WSD-con 18e-5,0,1
0.0032781062167547585,none,strong,1.0,ablation_no_adiabatic_boundary,21840,0.0031778962744162787,128,-3.056946166853769,128.0,0,extra_control,1,fixed_one_obs,strong,conservative_lower,100,Delta_obs,cosine_24000.csv,Cosine 24k,0,1
0.001848699219840022,none,strong,1.0,ablation_no_adiabatic_boundary,0,0.001848699219840022,128,0.0,128.0,0,extra_control,1,fixed_one_obs,strong,conservative_lower,100,Delta_obs,constant_24000.csv,Constant 24k,0,0
0.004776169698442608,none,strong,1.0,ablation_no_adiabatic_boundary,0,0.004776169698442608,128,0.0,128.0,0,extra_control,1,fixed_one_obs,strong,conservative_lower,100,Delta_obs,constant_72000.csv,Constant 72k,0,0
0.004701998914275349,none,strong,1.0,ablation_no_adiabatic_boundary,4000,0.004265125435085461,128,-9.291228840217979,128.0,0,core_wsd,1,fixed_one_obs,strong,conservative_lower,400,Delta_obs,wsd_20000_24000.csv,WSD sharp,0,1
0.0038535563963712593,none,strong,1.0,ablation_no_adiabatic_boundary,4000,0.0034420081152941712,128,-10.67970048302983,128.0,0,core_wsd,1,fixed_one_obs,strong,conservative_lower,400,Delta_obs,wsdld_20000_24000.csv,WSD linear,0,1
0.008173606778800102,none,strong,1.0,ablation_no_adiabatic_boundary,2,0.007449651733812663,128,-8.857228694499508,128.0,0,core_wsd,1,fixed_one_obs,strong,conservative_lower,400,Delta_obs,wsdcon_3.csv,WSD-con 3e-5,0,1
0.006687305974578527,none,strong,1.0,ablation_no_adiabatic_boundary,2,0.006144020350588579,128,-8.124132887820934,128.0,0,core_wsd,1,fixed_one_obs,strong,conservative_lower,400,Delta_obs,wsdcon_9.csv,WSD-con 9e-5,0,1
0.0025579541942073844,none,strong,1.0,ablation_no_adiabatic_boundary,2,0.0022983741390604127,128,-10.14795557069802,128.0,0,core_wsd,1,fixed_one_obs,strong,conservative_lower,400,Delta_obs,wsdcon_18.csv,WSD-con 18e-5,0,1
0.007134640765897494,none,strong,1.0,ablation_no_adiabatic_boundary,21840,0.0076005285767378585,128,6.529940695363923,128.0,0,extra_control,0,fixed_one_obs,strong,conservative_lower,400,Delta_obs,cosine_24000.csv,Cosine 24k,0,0
0.001679822173746335,none,strong,1.0,ablation_no_adiabatic_boundary,0,0.001679822173746335,128,0.0,128.0,0,extra_control,1,fixed_one_obs,strong,conservative_lower,400,Delta_obs,constant_24000.csv,Constant 24k,0,0
0.004118245803084534,none,strong,1.0,ablation_no_adiabatic_boundary,0,0.004118245803084534,128,0.0,128.0,0,extra_control,1,fixed_one_obs,strong,conservative_lower,400,Delta_obs,constant_72000.csv,Constant 72k,0,0
0.003408385839825258,linear_support,strong,0.8168498168498168,recommended_boundary,4000,0.0031600626943286613,128,-7.285652422183741,128.0,0,core_wsd,1,fixed_one_obs,strong,conservative_lower,25,Delta_obs,wsd_20000_24000.csv,WSD sharp,0,1
0.0031360955249893426,linear_support,strong,0.8168498168498168,recommended_boundary,4000,0.002899097883341093,128,-7.55709256174698,128.0,0,core_wsd,1,fixed_one_obs,strong,conservative_lower,25,Delta_obs,wsdld_20000_24000.csv,WSD linear,0,1
0.004487187642230267,linear_support,strong,0.9998554913294798,recommended_boundary,2,0.00395286397640606,128,-11.907762911350684,128.0,0,core_wsd,1,fixed_one_obs,strong,conservative_lower,25,Delta_obs,wsdcon_3.csv,WSD-con 3e-5,0,1
0.002926482771138891,linear_support,strong,0.9998554913294798,recommended_boundary,2,0.002643624266055623,128,-9.665476519213833,128.0,0,core_wsd,1,fixed_one_obs,strong,conservative_lower,25,Delta_obs,wsdcon_9.csv,WSD-con 9e-5,0,1
0.002504818961791151,linear_support,strong,0.9998554913294798,recommended_boundary,2,0.0022955958294938223,128,-8.35282451501872,128.0,0,core_wsd,1,fixed_one_obs,strong,conservative_lower,25,Delta_obs,wsdcon_18.csv,WSD-con 18e-5,0,1
0.004428106847791531,linear_support,strong,0.0,recommended_boundary,21840,0.004428106847791531,128,0.0,128.0,0,extra_control,1,fixed_one_obs,strong,conservative_lower,25,Delta_obs,cosine_24000.csv,Cosine 24k,0,0
0.003761619732988638,linear_support,strong,0.0,recommended_boundary,0,0.003761619732988638,128,0.0,128.0,0,extra_control,1,fixed_one_obs,strong,conservative_lower,25,Delta_obs,constant_24000.csv,Constant 24k,0,0
0.0015795124507172926,linear_support,strong,0.0,recommended_boundary,0,0.0015795124507172926,128,0.0,128.0,0,extra_control,1,fixed_one_obs,strong,conservative_lower,25,Delta_obs,constant_72000.csv,Constant 72k,0,0
0.0037480705220761528,linear_support,strong,0.8168498168498168,recommended_boundary,4000,0.003441576489404137,128,-8.177381691906927,128.0,0,core_wsd,1,fixed_one_obs,strong,conservative_lower,100,Delta_obs,wsd_20000_24000.csv,WSD sharp,0,1
0.003248313740665229,linear_support,strong,0.8168498168498168,recommended_boundary,4000,0.0029584493274007868,128,-8.92353499096058,128.0,0,core_wsd,1,fixed_one_obs,strong,conservative_lower,100,Delta_obs,wsdld_20000_24000.csv,WSD linear,0,1
0.0056693997340904675,linear_support,strong,0.9998554913294798,recommended_boundary,2,0.005056284724650654,128,-10.814460757690325,128.0,0,core_wsd,1,fixed_one_obs,strong,conservative_lower,100,Delta_obs,wsdcon_3.csv,WSD-con 3e-5,0,1
0.004934623402238123,linear_support,strong,0.9998554913294798,recommended_boundary,2,0.00462770058842279,128,-6.219781912356814,128.0,0,core_wsd,1,fixed_one_obs,strong,conservative_lower,100,Delta_obs,wsdcon_9.csv,WSD-con 9e-5,0,1
0.0013816404339982303,linear_support,strong,0.9998554913294798,recommended_boundary,2,0.001263647936904179,128,-8.54002924281836,128.0,0,core_wsd,1,fixed_one_obs,strong,conservative_lower,100,Delta_obs,wsdcon_18.csv,WSD-con 18e-5,0,1
0.0032781062167547585,linear_support,strong,0.0,recommended_boundary,21840,0.0032781062167547585,128,0.0,128.0,0,extra_control,1,fixed_one_obs,strong,conservative_lower,100,Delta_obs,cosine_24000.csv,Cosine 24k,0,0
0.001848699219840022,linear_support,strong,0.0,recommended_boundary,0,0.001848699219840022,128,0.0,128.0,0,extra_control,1,fixed_one_obs,strong,conservative_lower,100,Delta_obs,constant_24000.csv,Constant 24k,0,0
0.004776169698442608,linear_support,strong,0.0,recommended_boundary,0,0.004776169698442608,128,0.0,128.0,0,extra_control,1,fixed_one_obs,strong,conservative_lower,100,Delta_obs,constant_72000.csv,Constant 72k,0,0
0.004701998914275349,linear_support,strong,0.8168498168498168,recommended_boundary,4000,0.004341997009630446,128,-7.656358736109681,128.0,0,core_wsd,1,fixed_one_obs,strong,conservative_lower,400,Delta_obs,wsd_20000_24000.csv,WSD sharp,0,1
0.0038535563963712593,linear_support,strong,0.8168498168498168,recommended_boundary,4000,0.0035173832583485767,128,-8.723711383573974,128.0,0,core_wsd,1,fixed_one_obs,strong,conservative_lower,400,Delta_obs,wsdld_20000_24000.csv,WSD linear,0,1
0.008173606778800102,linear_support,strong,0.9998554913294798,recommended_boundary,2,0.007449751386603718,128,-8.856009492331463,128.0,0,core_wsd,1,fixed_one_obs,strong,conservative_lower,400,Delta_obs,wsdcon_3.csv,WSD-con 3e-5,0,1
0.006687305974578527,linear_support,strong,0.9998554913294798,recommended_boundary,2,0.006144092500484557,128,-8.123053979569207,128.0,0,core_wsd,1,fixed_one_obs,strong,conservative_lower,400,Delta_obs,wsdcon_9.csv,WSD-con 9e-5,0,1
0.0025579541942073844,linear_support,strong,0.9998554913294798,recommended_boundary,2,0.0022983669135595666,128,-10.148238042560198,128.0,0,core_wsd,1,fixed_one_obs,strong,conservative_lower,400,Delta_obs,wsdcon_18.csv,WSD-con 18e-5,0,1
0.007134640765897494,linear_support,strong,0.0,recommended_boundary,21840,0.007134640765897494,128,0.0,128.0,0,extra_control,1,fixed_one_obs,strong,conservative_lower,400,Delta_obs,cosine_24000.csv,Cosine 24k,0,0
0.001679822173746335,linear_support,strong,0.0,recommended_boundary,0,0.001679822173746335,128,0.0,128.0,0,extra_control,1,fixed_one_obs,strong,conservative_lower,400,Delta_obs,constant_24000.csv,Constant 24k,0,0
0.004118245803084534,linear_support,strong,0.0,recommended_boundary,0,0.004118245803084534,128,0.0,128.0,0,extra_control,1,fixed_one_obs,strong,conservative_lower,400,Delta_obs,constant_72000.csv,Constant 72k,0,0
0.003408385839825258,none,strong,1.0,ablation_no_adiabatic_boundary,4000,0.002753306243810152,128,-19.2196431624857,256.0,0,core_wsd,1,support_linear_bracket,strong,recommended,25,"Delta_obs * (1 + min(1, ell_down / Delta_obs))",wsd_20000_24000.csv,WSD sharp,0,1
0.0031360955249893426,none,strong,1.0,ablation_no_adiabatic_boundary,4000,0.0024096826835226784,128,-23.162969229680364,256.0,0,core_wsd,1,support_linear_bracket,strong,recommended,25,"Delta_obs * (1 + min(1, ell_down / Delta_obs))",wsdld_20000_24000.csv,WSD linear,0,1
0.004487187642230267,none,strong,1.0,ablation_no_adiabatic_boundary,2,0.003946779935254701,128,-12.043349867735142,130.0,0,core_wsd,1,support_linear_bracket,strong,recommended,25,"Delta_obs * (1 + min(1, ell_down / Delta_obs))",wsdcon_3.csv,WSD-con 3e-5,0,1
0.002926482771138891,none,strong,1.0,ablation_no_adiabatic_boundary,2,0.002641470890640715,128,-9.7390588903846,130.0,0,core_wsd,1,support_linear_bracket,strong,recommended,25,"Delta_obs * (1 + min(1, ell_down / Delta_obs))",wsdcon_9.csv,WSD-con 9e-5,0,1
0.002504818961791151,none,strong,1.0,ablation_no_adiabatic_boundary,2,0.002293146105488648,128,-8.450624956589259,130.0,0,core_wsd,1,support_linear_bracket,strong,recommended,25,"Delta_obs * (1 + min(1, ell_down / Delta_obs))",wsdcon_18.csv,WSD-con 18e-5,0,1
0.004428106847791531,none,strong,1.0,ablation_no_adiabatic_boundary,21840,0.004389325408371135,128,-0.875801798679221,256.0,0,extra_control,1,support_linear_bracket,strong,recommended,25,"Delta_obs * (1 + min(1, ell_down / Delta_obs))",cosine_24000.csv,Cosine 24k,0,1
0.003761619732988638,none,strong,1.0,ablation_no_adiabatic_boundary,0,0.003761619732988638,128,0.0,128.0,0,extra_control,1,support_linear_bracket,strong,recommended,25,"Delta_obs * (1 + min(1, ell_down / Delta_obs))",constant_24000.csv,Constant 24k,0,0
0.0015795124507172926,none,strong,1.0,ablation_no_adiabatic_boundary,0,0.0015795124507172926,128,0.0,128.0,0,extra_control,1,support_linear_bracket,strong,recommended,25,"Delta_obs * (1 + min(1, ell_down / Delta_obs))",constant_72000.csv,Constant 72k,0,0
0.0037480705220761528,none,strong,1.0,ablation_no_adiabatic_boundary,4000,0.0028399125242727823,128,-24.230013615120516,256.0,0,core_wsd,1,support_linear_bracket,strong,recommended,100,"Delta_obs * (1 + min(1, ell_down / Delta_obs))",wsd_20000_24000.csv,WSD sharp,0,1
0.003248313740665229,none,strong,1.0,ablation_no_adiabatic_boundary,4000,0.00233947214425925,128,-27.978873623822288,256.0,0,core_wsd,1,support_linear_bracket,strong,recommended,100,"Delta_obs * (1 + min(1, ell_down / Delta_obs))",wsdld_20000_24000.csv,WSD linear,0,1
0.0056693997340904675,none,strong,1.0,ablation_no_adiabatic_boundary,2,0.005041306051985559,128,-11.078662849051568,130.0,0,core_wsd,1,support_linear_bracket,strong,recommended,100,"Delta_obs * (1 + min(1, ell_down / Delta_obs))",wsdcon_3.csv,WSD-con 3e-5,0,1
0.004934623402238123,none,strong,1.0,ablation_no_adiabatic_boundary,2,0.0046241337374129075,128,-6.292064044530554,130.0,0,core_wsd,1,support_linear_bracket,strong,recommended,100,"Delta_obs * (1 + min(1, ell_down / Delta_obs))",wsdcon_9.csv,WSD-con 9e-5,0,1
0.0013816404339982303,none,strong,1.0,ablation_no_adiabatic_boundary,2,0.0012653444525311936,128,-8.417239290724588,130.0,0,core_wsd,1,support_linear_bracket,strong,recommended,100,"Delta_obs * (1 + min(1, ell_down / Delta_obs))",wsdcon_18.csv,WSD-con 18e-5,0,1
0.0032781062167547585,none,strong,1.0,ablation_no_adiabatic_boundary,21840,0.003189772706942728,128,-2.6946506297004125,256.0,0,extra_control,1,support_linear_bracket,strong,recommended,100,"Delta_obs * (1 + min(1, ell_down / Delta_obs))",cosine_24000.csv,Cosine 24k,0,1
0.001848699219840022,none,strong,1.0,ablation_no_adiabatic_boundary,0,0.001848699219840022,128,0.0,128.0,0,extra_control,1,support_linear_bracket,strong,recommended,100,"Delta_obs * (1 + min(1, ell_down / Delta_obs))",constant_24000.csv,Constant 24k,0,0
0.004776169698442608,none,strong,1.0,ablation_no_adiabatic_boundary,0,0.004776169698442608,128,0.0,128.0,0,extra_control,1,support_linear_bracket,strong,recommended,100,"Delta_obs * (1 + min(1, ell_down / Delta_obs))",constant_72000.csv,Constant 72k,0,0
0.004701998914275349,none,strong,1.0,ablation_no_adiabatic_boundary,4000,0.003641153342705263,128,-22.561586910395505,256.0,0,core_wsd,1,support_linear_bracket,strong,recommended,400,"Delta_obs * (1 + min(1, ell_down / Delta_obs))",wsd_20000_24000.csv,WSD sharp,0,1
0.0038535563963712593,none,strong,1.0,ablation_no_adiabatic_boundary,4000,0.002834928350061145,128,-26.43345371224658,256.0,0,core_wsd,1,support_linear_bracket,strong,recommended,400,"Delta_obs * (1 + min(1, ell_down / Delta_obs))",wsdld_20000_24000.csv,WSD linear,0,1
0.008173606778800102,none,strong,1.0,ablation_no_adiabatic_boundary,2,0.007432155347060267,128,-9.071288255056986,130.0,0,core_wsd,1,support_linear_bracket,strong,recommended,400,"Delta_obs * (1 + min(1, ell_down / Delta_obs))",wsdcon_3.csv,WSD-con 3e-5,0,1
0.006687305974578527,none,strong,1.0,ablation_no_adiabatic_boundary,2,0.006131212704908497,128,-8.315654641555103,130.0,0,core_wsd,1,support_linear_bracket,strong,recommended,400,"Delta_obs * (1 + min(1, ell_down / Delta_obs))",wsdcon_9.csv,WSD-con 9e-5,0,1
0.0025579541942073844,none,strong,1.0,ablation_no_adiabatic_boundary,2,0.0022964937222007624,128,-10.221468101294084,130.0,0,core_wsd,1,support_linear_bracket,strong,recommended,400,"Delta_obs * (1 + min(1, ell_down / Delta_obs))",wsdcon_18.csv,WSD-con 18e-5,0,1
0.007134640765897494,none,strong,1.0,ablation_no_adiabatic_boundary,21840,0.008367554882554126,128,17.280675469321103,256.0,0,extra_control,0,support_linear_bracket,strong,recommended,400,"Delta_obs * (1 + min(1, ell_down / Delta_obs))",cosine_24000.csv,Cosine 24k,0,0
0.001679822173746335,none,strong,1.0,ablation_no_adiabatic_boundary,0,0.001679822173746335,128,0.0,128.0,0,extra_control,1,support_linear_bracket,strong,recommended,400,"Delta_obs * (1 + min(1, ell_down / Delta_obs))",constant_24000.csv,Constant 24k,0,0
0.004118245803084534,none,strong,1.0,ablation_no_adiabatic_boundary,0,0.004118245803084534,128,0.0,128.0,0,extra_control,1,support_linear_bracket,strong,recommended,400,"Delta_obs * (1 + min(1, ell_down / Delta_obs))",constant_72000.csv,Constant 72k,0,0
0.003408385839825258,linear_support,strong,0.8168498168498168,recommended_boundary,4000,0.0028126899175170404,128,-17.477361727883423,256.0,0,core_wsd,1,support_linear_bracket,strong,recommended,25,"Delta_obs * (1 + min(1, ell_down / Delta_obs))",wsd_20000_24000.csv,WSD sharp,0,1
0.0031360955249893426,linear_support,strong,0.8168498168498168,recommended_boundary,4000,0.002528403286744869,128,-19.377351021427792,256.0,0,core_wsd,1,support_linear_bracket,strong,recommended,25,"Delta_obs * (1 + min(1, ell_down / Delta_obs))",wsdld_20000_24000.csv,WSD linear,0,1
0.004487187642230267,linear_support,strong,0.9998554913294798,recommended_boundary,2,0.003946790390501208,128,-12.043116865522151,130.0,0,core_wsd,1,support_linear_bracket,strong,recommended,25,"Delta_obs * (1 + min(1, ell_down / Delta_obs))",wsdcon_3.csv,WSD-con 3e-5,0,1
0.002926482771138891,linear_support,strong,0.9998554913294798,recommended_boundary,2,0.002641443188221297,128,-9.740005501780757,130.0,0,core_wsd,1,support_linear_bracket,strong,recommended,25,"Delta_obs * (1 + min(1, ell_down / Delta_obs))",wsdcon_9.csv,WSD-con 9e-5,0,1
0.002504818961791151,linear_support,strong,0.9998554913294798,recommended_boundary,2,0.002293148454145496,128,-8.450531191056342,130.0,0,core_wsd,1,support_linear_bracket,strong,recommended,25,"Delta_obs * (1 + min(1, ell_down / Delta_obs))",wsdcon_18.csv,WSD-con 18e-5,0,1
0.004428106847791531,linear_support,strong,0.0,recommended_boundary,21840,0.004428106847791531,128,0.0,256.0,0,extra_control,1,support_linear_bracket,strong,recommended,25,"Delta_obs * (1 + min(1, ell_down / Delta_obs))",cosine_24000.csv,Cosine 24k,0,0
0.003761619732988638,linear_support,strong,0.0,recommended_boundary,0,0.003761619732988638,128,0.0,128.0,0,extra_control,1,support_linear_bracket,strong,recommended,25,"Delta_obs * (1 + min(1, ell_down / Delta_obs))",constant_24000.csv,Constant 24k,0,0
0.0015795124507172926,linear_support,strong,0.0,recommended_boundary,0,0.0015795124507172926,128,0.0,128.0,0,extra_control,1,support_linear_bracket,strong,recommended,25,"Delta_obs * (1 + min(1, ell_down / Delta_obs))",constant_72000.csv,Constant 72k,0,0
0.0037480705220761528,linear_support,strong,0.8168498168498168,recommended_boundary,4000,0.002957866925660198,128,-21.08294365758733,256.0,0,core_wsd,1,support_linear_bracket,strong,recommended,100,"Delta_obs * (1 + min(1, ell_down / Delta_obs))",wsd_20000_24000.csv,WSD sharp,0,1
0.003248313740665229,linear_support,strong,0.8168498168498168,recommended_boundary,4000,0.0025059266490955086,128,-22.85453779528345,256.0,0,core_wsd,1,support_linear_bracket,strong,recommended,100,"Delta_obs * (1 + min(1, ell_down / Delta_obs))",wsdld_20000_24000.csv,WSD linear,0,1
0.0056693997340904675,linear_support,strong,0.9998554913294798,recommended_boundary,2,0.005041396816968526,128,-11.077061886212036,130.0,0,core_wsd,1,support_linear_bracket,strong,recommended,100,"Delta_obs * (1 + min(1, ell_down / Delta_obs))",wsdcon_3.csv,WSD-con 3e-5,0,1
0.004934623402238123,linear_support,strong,0.9998554913294798,recommended_boundary,2,0.004624132743663764,128,-6.2920841828281056,130.0,0,core_wsd,1,support_linear_bracket,strong,recommended,100,"Delta_obs * (1 + min(1, ell_down / Delta_obs))",wsdcon_9.csv,WSD-con 9e-5,0,1
0.0013816404339982303,linear_support,strong,0.9998554913294798,recommended_boundary,2,0.0012653245996598833,128,-8.41867619650859,130.0,0,core_wsd,1,support_linear_bracket,strong,recommended,100,"Delta_obs * (1 + min(1, ell_down / Delta_obs))",wsdcon_18.csv,WSD-con 18e-5,0,1
0.0032781062167547585,linear_support,strong,0.0,recommended_boundary,21840,0.0032781062167547585,128,0.0,256.0,0,extra_control,1,support_linear_bracket,strong,recommended,100,"Delta_obs * (1 + min(1, ell_down / Delta_obs))",cosine_24000.csv,Cosine 24k,0,0
0.001848699219840022,linear_support,strong,0.0,recommended_boundary,0,0.001848699219840022,128,0.0,128.0,0,extra_control,1,support_linear_bracket,strong,recommended,100,"Delta_obs * (1 + min(1, ell_down / Delta_obs))",constant_24000.csv,Constant 24k,0,0
0.004776169698442608,linear_support,strong,0.0,recommended_boundary,0,0.004776169698442608,128,0.0,128.0,0,extra_control,1,support_linear_bracket,strong,recommended,100,"Delta_obs * (1 + min(1, ell_down / Delta_obs))",constant_72000.csv,Constant 72k,0,0
0.004701998914275349,linear_support,strong,0.8168498168498168,recommended_boundary,4000,0.00377928904440882,128,-19.623778879768906,256.0,0,core_wsd,1,support_linear_bracket,strong,recommended,400,"Delta_obs * (1 + min(1, ell_down / Delta_obs))",wsd_20000_24000.csv,WSD sharp,0,1
0.0038535563963712593,linear_support,strong,0.8168498168498168,recommended_boundary,4000,0.002987769755480256,128,-22.467210852455153,256.0,0,core_wsd,1,support_linear_bracket,strong,recommended,400,"Delta_obs * (1 + min(1, ell_down / Delta_obs))",wsdld_20000_24000.csv,WSD linear,0,1
0.008173606778800102,linear_support,strong,0.9998554913294798,recommended_boundary,2,0.007432257528230927,128,-9.070038119426227,130.0,0,core_wsd,1,support_linear_bracket,strong,recommended,400,"Delta_obs * (1 + min(1, ell_down / Delta_obs))",wsdcon_3.csv,WSD-con 3e-5,0,1
0.006687305974578527,linear_support,strong,0.9998554913294798,recommended_boundary,2,0.006131286705620363,128,-8.314548056748784,130.0,0,core_wsd,1,support_linear_bracket,strong,recommended,400,"Delta_obs * (1 + min(1, ell_down / Delta_obs))",wsdcon_9.csv,WSD-con 9e-5,0,1
0.0025579541942073844,linear_support,strong,0.9998554913294798,recommended_boundary,2,0.002296486768436446,128,-10.22173994995863,130.0,0,core_wsd,1,support_linear_bracket,strong,recommended,400,"Delta_obs * (1 + min(1, ell_down / Delta_obs))",wsdcon_18.csv,WSD-con 18e-5,0,1
0.007134640765897494,linear_support,strong,0.0,recommended_boundary,21840,0.007134640765897494,128,0.0,256.0,0,extra_control,1,support_linear_bracket,strong,recommended,400,"Delta_obs * (1 + min(1, ell_down / Delta_obs))",cosine_24000.csv,Cosine 24k,0,0
0.001679822173746335,linear_support,strong,0.0,recommended_boundary,0,0.001679822173746335,128,0.0,128.0,0,extra_control,1,support_linear_bracket,strong,recommended,400,"Delta_obs * (1 + min(1, ell_down / Delta_obs))",constant_24000.csv,Constant 24k,0,0
0.004118245803084534,linear_support,strong,0.0,recommended_boundary,0,0.004118245803084534,128,0.0,128.0,0,extra_control,1,support_linear_bracket,strong,recommended,400,"Delta_obs * (1 + min(1, ell_down / Delta_obs))",constant_72000.csv,Constant 72k,0,0
0.003408385839825258,none,strong,1.0,ablation_no_adiabatic_boundary,4000,0.002753306243810152,128,-19.2196431624857,256.0,0,core_wsd,1,support_hard_two_obs,medium,stepwise_reference,25,Delta_obs if ell_down < Delta_obs else 2 * Delta_obs,wsd_20000_24000.csv,WSD sharp,0,1
0.0031360955249893426,none,strong,1.0,ablation_no_adiabatic_boundary,4000,0.0024096826835226784,128,-23.162969229680364,256.0,0,core_wsd,1,support_hard_two_obs,medium,stepwise_reference,25,Delta_obs if ell_down < Delta_obs else 2 * Delta_obs,wsdld_20000_24000.csv,WSD linear,0,1
0.004487187642230267,none,strong,1.0,ablation_no_adiabatic_boundary,2,0.003952854398972248,128,-11.907976350916305,128.0,0,core_wsd,1,support_hard_two_obs,medium,stepwise_reference,25,Delta_obs if ell_down < Delta_obs else 2 * Delta_obs,wsdcon_3.csv,WSD-con 3e-5,0,1
0.002926482771138891,none,strong,1.0,ablation_no_adiabatic_boundary,2,0.002643621992326077,128,-9.665554214171369,128.0,0,core_wsd,1,support_hard_two_obs,medium,stepwise_reference,25,Delta_obs if ell_down < Delta_obs else 2 * Delta_obs,wsdcon_9.csv,WSD-con 9e-5,0,1
0.002504818961791151,none,strong,1.0,ablation_no_adiabatic_boundary,2,0.0022955938345550347,128,-8.3529041590496,128.0,0,core_wsd,1,support_hard_two_obs,medium,stepwise_reference,25,Delta_obs if ell_down < Delta_obs else 2 * Delta_obs,wsdcon_18.csv,WSD-con 18e-5,0,1
0.004428106847791531,none,strong,1.0,ablation_no_adiabatic_boundary,21840,0.004389325408371135,128,-0.875801798679221,256.0,0,extra_control,1,support_hard_two_obs,medium,stepwise_reference,25,Delta_obs if ell_down < Delta_obs else 2 * Delta_obs,cosine_24000.csv,Cosine 24k,0,1
0.003761619732988638,none,strong,1.0,ablation_no_adiabatic_boundary,0,0.003761619732988638,128,0.0,128.0,0,extra_control,1,support_hard_two_obs,medium,stepwise_reference,25,Delta_obs if ell_down < Delta_obs else 2 * Delta_obs,constant_24000.csv,Constant 24k,0,0
0.0015795124507172926,none,strong,1.0,ablation_no_adiabatic_boundary,0,0.0015795124507172926,128,0.0,128.0,0,extra_control,1,support_hard_two_obs,medium,stepwise_reference,25,Delta_obs if ell_down < Delta_obs else 2 * Delta_obs,constant_72000.csv,Constant 72k,0,0
0.0037480705220761528,none,strong,1.0,ablation_no_adiabatic_boundary,4000,0.0028399125242727823,128,-24.230013615120516,256.0,0,core_wsd,1,support_hard_two_obs,medium,stepwise_reference,100,Delta_obs if ell_down < Delta_obs else 2 * Delta_obs,wsd_20000_24000.csv,WSD sharp,0,1
0.003248313740665229,none,strong,1.0,ablation_no_adiabatic_boundary,4000,0.00233947214425925,128,-27.978873623822288,256.0,0,core_wsd,1,support_hard_two_obs,medium,stepwise_reference,100,Delta_obs if ell_down < Delta_obs else 2 * Delta_obs,wsdld_20000_24000.csv,WSD linear,0,1
0.0056693997340904675,none,strong,1.0,ablation_no_adiabatic_boundary,2,0.005056196111410382,128,-10.816023766905214,128.0,0,core_wsd,1,support_hard_two_obs,medium,stepwise_reference,100,Delta_obs if ell_down < Delta_obs else 2 * Delta_obs,wsdcon_3.csv,WSD-con 3e-5,0,1
0.004934623402238123,none,strong,1.0,ablation_no_adiabatic_boundary,2,0.004627702097830964,128,-6.219751324243983,128.0,0,core_wsd,1,support_hard_two_obs,medium,stepwise_reference,100,Delta_obs if ell_down < Delta_obs else 2 * Delta_obs,wsdcon_9.csv,WSD-con 9e-5,0,1
0.0013816404339982303,none,strong,1.0,ablation_no_adiabatic_boundary,2,0.0012636675474481565,128,-8.538609876136915,128.0,0,core_wsd,1,support_hard_two_obs,medium,stepwise_reference,100,Delta_obs if ell_down < Delta_obs else 2 * Delta_obs,wsdcon_18.csv,WSD-con 18e-5,0,1
0.0032781062167547585,none,strong,1.0,ablation_no_adiabatic_boundary,21840,0.003189772706942728,128,-2.6946506297004125,256.0,0,extra_control,1,support_hard_two_obs,medium,stepwise_reference,100,Delta_obs if ell_down < Delta_obs else 2 * Delta_obs,cosine_24000.csv,Cosine 24k,0,1
0.001848699219840022,none,strong,1.0,ablation_no_adiabatic_boundary,0,0.001848699219840022,128,0.0,128.0,0,extra_control,1,support_hard_two_obs,medium,stepwise_reference,100,Delta_obs if ell_down < Delta_obs else 2 * Delta_obs,constant_24000.csv,Constant 24k,0,0
0.004776169698442608,none,strong,1.0,ablation_no_adiabatic_boundary,0,0.004776169698442608,128,0.0,128.0,0,extra_control,1,support_hard_two_obs,medium,stepwise_reference,100,Delta_obs if ell_down < Delta_obs else 2 * Delta_obs,constant_72000.csv,Constant 72k,0,0
0.004701998914275349,none,strong,1.0,ablation_no_adiabatic_boundary,4000,0.003641153342705263,128,-22.561586910395505,256.0,0,core_wsd,1,support_hard_two_obs,medium,stepwise_reference,400,Delta_obs if ell_down < Delta_obs else 2 * Delta_obs,wsd_20000_24000.csv,WSD sharp,0,1
0.0038535563963712593,none,strong,1.0,ablation_no_adiabatic_boundary,4000,0.002834928350061145,128,-26.43345371224658,256.0,0,core_wsd,1,support_hard_two_obs,medium,stepwise_reference,400,Delta_obs if ell_down < Delta_obs else 2 * Delta_obs,wsdld_20000_24000.csv,WSD linear,0,1
0.008173606778800102,none,strong,1.0,ablation_no_adiabatic_boundary,2,0.007449651733812663,128,-8.857228694499508,128.0,0,core_wsd,1,support_hard_two_obs,medium,stepwise_reference,400,Delta_obs if ell_down < Delta_obs else 2 * Delta_obs,wsdcon_3.csv,WSD-con 3e-5,0,1
0.006687305974578527,none,strong,1.0,ablation_no_adiabatic_boundary,2,0.006144020350588579,128,-8.124132887820934,128.0,0,core_wsd,1,support_hard_two_obs,medium,stepwise_reference,400,Delta_obs if ell_down < Delta_obs else 2 * Delta_obs,wsdcon_9.csv,WSD-con 9e-5,0,1
0.0025579541942073844,none,strong,1.0,ablation_no_adiabatic_boundary,2,0.0022983741390604127,128,-10.14795557069802,128.0,0,core_wsd,1,support_hard_two_obs,medium,stepwise_reference,400,Delta_obs if ell_down < Delta_obs else 2 * Delta_obs,wsdcon_18.csv,WSD-con 18e-5,0,1
0.007134640765897494,none,strong,1.0,ablation_no_adiabatic_boundary,21840,0.008367554882554126,128,17.280675469321103,256.0,0,extra_control,0,support_hard_two_obs,medium,stepwise_reference,400,Delta_obs if ell_down < Delta_obs else 2 * Delta_obs,cosine_24000.csv,Cosine 24k,0,0
0.001679822173746335,none,strong,1.0,ablation_no_adiabatic_boundary,0,0.001679822173746335,128,0.0,128.0,0,extra_control,1,support_hard_two_obs,medium,stepwise_reference,400,Delta_obs if ell_down < Delta_obs else 2 * Delta_obs,constant_24000.csv,Constant 24k,0,0
0.004118245803084534,none,strong,1.0,ablation_no_adiabatic_boundary,0,0.004118245803084534,128,0.0,128.0,0,extra_control,1,support_hard_two_obs,medium,stepwise_reference,400,Delta_obs if ell_down < Delta_obs else 2 * Delta_obs,constant_72000.csv,Constant 72k,0,0
0.003408385839825258,linear_support,strong,0.8168498168498168,recommended_boundary,4000,0.0028126899175170404,128,-17.477361727883423,256.0,0,core_wsd,1,support_hard_two_obs,medium,stepwise_reference,25,Delta_obs if ell_down < Delta_obs else 2 * Delta_obs,wsd_20000_24000.csv,WSD sharp,0,1
0.0031360955249893426,linear_support,strong,0.8168498168498168,recommended_boundary,4000,0.002528403286744869,128,-19.377351021427792,256.0,0,core_wsd,1,support_hard_two_obs,medium,stepwise_reference,25,Delta_obs if ell_down < Delta_obs else 2 * Delta_obs,wsdld_20000_24000.csv,WSD linear,0,1
0.004487187642230267,linear_support,strong,0.9998554913294798,recommended_boundary,2,0.00395286397640606,128,-11.907762911350684,128.0,0,core_wsd,1,support_hard_two_obs,medium,stepwise_reference,25,Delta_obs if ell_down < Delta_obs else 2 * Delta_obs,wsdcon_3.csv,WSD-con 3e-5,0,1
0.002926482771138891,linear_support,strong,0.9998554913294798,recommended_boundary,2,0.002643624266055623,128,-9.665476519213833,128.0,0,core_wsd,1,support_hard_two_obs,medium,stepwise_reference,25,Delta_obs if ell_down < Delta_obs else 2 * Delta_obs,wsdcon_9.csv,WSD-con 9e-5,0,1
0.002504818961791151,linear_support,strong,0.9998554913294798,recommended_boundary,2,0.0022955958294938223,128,-8.35282451501872,128.0,0,core_wsd,1,support_hard_two_obs,medium,stepwise_reference,25,Delta_obs if ell_down < Delta_obs else 2 * Delta_obs,wsdcon_18.csv,WSD-con 18e-5,0,1
0.004428106847791531,linear_support,strong,0.0,recommended_boundary,21840,0.004428106847791531,128,0.0,256.0,0,extra_control,1,support_hard_two_obs,medium,stepwise_reference,25,Delta_obs if ell_down < Delta_obs else 2 * Delta_obs,cosine_24000.csv,Cosine 24k,0,0
0.003761619732988638,linear_support,strong,0.0,recommended_boundary,0,0.003761619732988638,128,0.0,128.0,0,extra_control,1,support_hard_two_obs,medium,stepwise_reference,25,Delta_obs if ell_down < Delta_obs else 2 * Delta_obs,constant_24000.csv,Constant 24k,0,0
0.0015795124507172926,linear_support,strong,0.0,recommended_boundary,0,0.0015795124507172926,128,0.0,128.0,0,extra_control,1,support_hard_two_obs,medium,stepwise_reference,25,Delta_obs if ell_down < Delta_obs else 2 * Delta_obs,constant_72000.csv,Constant 72k,0,0
0.0037480705220761528,linear_support,strong,0.8168498168498168,recommended_boundary,4000,0.002957866925660198,128,-21.08294365758733,256.0,0,core_wsd,1,support_hard_two_obs,medium,stepwise_reference,100,Delta_obs if ell_down < Delta_obs else 2 * Delta_obs,wsd_20000_24000.csv,WSD sharp,0,1
0.003248313740665229,linear_support,strong,0.8168498168498168,recommended_boundary,4000,0.0025059266490955086,128,-22.85453779528345,256.0,0,core_wsd,1,support_hard_two_obs,medium,stepwise_reference,100,Delta_obs if ell_down < Delta_obs else 2 * Delta_obs,wsdld_20000_24000.csv,WSD linear,0,1
0.0056693997340904675,linear_support,strong,0.9998554913294798,recommended_boundary,2,0.005056284724650654,128,-10.814460757690325,128.0,0,core_wsd,1,support_hard_two_obs,medium,stepwise_reference,100,Delta_obs if ell_down < Delta_obs else 2 * Delta_obs,wsdcon_3.csv,WSD-con 3e-5,0,1
0.004934623402238123,linear_support,strong,0.9998554913294798,recommended_boundary,2,0.00462770058842279,128,-6.219781912356814,128.0,0,core_wsd,1,support_hard_two_obs,medium,stepwise_reference,100,Delta_obs if ell_down < Delta_obs else 2 * Delta_obs,wsdcon_9.csv,WSD-con 9e-5,0,1
0.0013816404339982303,linear_support,strong,0.9998554913294798,recommended_boundary,2,0.001263647936904179,128,-8.54002924281836,128.0,0,core_wsd,1,support_hard_two_obs,medium,stepwise_reference,100,Delta_obs if ell_down < Delta_obs else 2 * Delta_obs,wsdcon_18.csv,WSD-con 18e-5,0,1
0.0032781062167547585,linear_support,strong,0.0,recommended_boundary,21840,0.0032781062167547585,128,0.0,256.0,0,extra_control,1,support_hard_two_obs,medium,stepwise_reference,100,Delta_obs if ell_down < Delta_obs else 2 * Delta_obs,cosine_24000.csv,Cosine 24k,0,0
0.001848699219840022,linear_support,strong,0.0,recommended_boundary,0,0.001848699219840022,128,0.0,128.0,0,extra_control,1,support_hard_two_obs,medium,stepwise_reference,100,Delta_obs if ell_down < Delta_obs else 2 * Delta_obs,constant_24000.csv,Constant 24k,0,0
0.004776169698442608,linear_support,strong,0.0,recommended_boundary,0,0.004776169698442608,128,0.0,128.0,0,extra_control,1,support_hard_two_obs,medium,stepwise_reference,100,Delta_obs if ell_down < Delta_obs else 2 * Delta_obs,constant_72000.csv,Constant 72k,0,0
0.004701998914275349,linear_support,strong,0.8168498168498168,recommended_boundary,4000,0.00377928904440882,128,-19.623778879768906,256.0,0,core_wsd,1,support_hard_two_obs,medium,stepwise_reference,400,Delta_obs if ell_down < Delta_obs else 2 * Delta_obs,wsd_20000_24000.csv,WSD sharp,0,1
0.0038535563963712593,linear_support,strong,0.8168498168498168,recommended_boundary,4000,0.002987769755480256,128,-22.467210852455153,256.0,0,core_wsd,1,support_hard_two_obs,medium,stepwise_reference,400,Delta_obs if ell_down < Delta_obs else 2 * Delta_obs,wsdld_20000_24000.csv,WSD linear,0,1
0.008173606778800102,linear_support,strong,0.9998554913294798,recommended_boundary,2,0.007449751386603718,128,-8.856009492331463,128.0,0,core_wsd,1,support_hard_two_obs,medium,stepwise_reference,400,Delta_obs if ell_down < Delta_obs else 2 * Delta_obs,wsdcon_3.csv,WSD-con 3e-5,0,1
0.006687305974578527,linear_support,strong,0.9998554913294798,recommended_boundary,2,0.006144092500484557,128,-8.123053979569207,128.0,0,core_wsd,1,support_hard_two_obs,medium,stepwise_reference,400,Delta_obs if ell_down < Delta_obs else 2 * Delta_obs,wsdcon_9.csv,WSD-con 9e-5,0,1
0.0025579541942073844,linear_support,strong,0.9998554913294798,recommended_boundary,2,0.0022983669135595666,128,-10.148238042560198,128.0,0,core_wsd,1,support_hard_two_obs,medium,stepwise_reference,400,Delta_obs if ell_down < Delta_obs else 2 * Delta_obs,wsdcon_18.csv,WSD-con 18e-5,0,1
0.007134640765897494,linear_support,strong,0.0,recommended_boundary,21840,0.007134640765897494,128,0.0,256.0,0,extra_control,1,support_hard_two_obs,medium,stepwise_reference,400,Delta_obs if ell_down < Delta_obs else 2 * Delta_obs,cosine_24000.csv,Cosine 24k,0,0
0.001679822173746335,linear_support,strong,0.0,recommended_boundary,0,0.001679822173746335,128,0.0,128.0,0,extra_control,1,support_hard_two_obs,medium,stepwise_reference,400,Delta_obs if ell_down < Delta_obs else 2 * Delta_obs,constant_24000.csv,Constant 24k,0,0
0.004118245803084534,linear_support,strong,0.0,recommended_boundary,0,0.004118245803084534,128,0.0,128.0,0,extra_control,1,support_hard_two_obs,medium,stepwise_reference,400,Delta_obs if ell_down < Delta_obs else 2 * Delta_obs,constant_72000.csv,Constant 72k,0,0
0.003408385839825258,none,strong,1.0,ablation_no_adiabatic_boundary,4000,0.002753306243810152,128,-19.2196431624857,256.0,0,core_wsd,1,support_sqrt_bracket,weaker,nonlinear_reference,25,"Delta_obs * (1 + min(1, sqrt(ell_down / Delta_obs)))",wsd_20000_24000.csv,WSD sharp,0,1
0.0031360955249893426,none,strong,1.0,ablation_no_adiabatic_boundary,4000,0.0024096826835226784,128,-23.162969229680364,256.0,0,core_wsd,1,support_sqrt_bracket,weaker,nonlinear_reference,25,"Delta_obs * (1 + min(1, sqrt(ell_down / Delta_obs)))",wsdld_20000_24000.csv,WSD linear,0,1
0.004487187642230267,none,strong,1.0,ablation_no_adiabatic_boundary,2,0.0039000829063202446,128,-13.084024621226098,144.0,0,core_wsd,1,support_sqrt_bracket,weaker,nonlinear_reference,25,"Delta_obs * (1 + min(1, sqrt(ell_down / Delta_obs)))",wsdcon_3.csv,WSD-con 3e-5,0,1
0.002926482771138891,none,strong,1.0,ablation_no_adiabatic_boundary,2,0.0026497473849733666,128,-9.45624518601994,144.0,0,core_wsd,1,support_sqrt_bracket,weaker,nonlinear_reference,25,"Delta_obs * (1 + min(1, sqrt(ell_down / Delta_obs)))",wsdcon_9.csv,WSD-con 9e-5,0,1
0.002504818961791151,none,strong,1.0,ablation_no_adiabatic_boundary,2,0.0022807979756013547,128,-8.943599901112332,144.0,0,core_wsd,1,support_sqrt_bracket,weaker,nonlinear_reference,25,"Delta_obs * (1 + min(1, sqrt(ell_down / Delta_obs)))",wsdcon_18.csv,WSD-con 18e-5,0,1
0.004428106847791531,none,strong,1.0,ablation_no_adiabatic_boundary,21840,0.004389325408371135,128,-0.875801798679221,256.0,0,extra_control,1,support_sqrt_bracket,weaker,nonlinear_reference,25,"Delta_obs * (1 + min(1, sqrt(ell_down / Delta_obs)))",cosine_24000.csv,Cosine 24k,0,1
0.003761619732988638,none,strong,1.0,ablation_no_adiabatic_boundary,0,0.003761619732988638,128,0.0,128.0,0,extra_control,1,support_sqrt_bracket,weaker,nonlinear_reference,25,"Delta_obs * (1 + min(1, sqrt(ell_down / Delta_obs)))",constant_24000.csv,Constant 24k,0,0
0.0015795124507172926,none,strong,1.0,ablation_no_adiabatic_boundary,0,0.0015795124507172926,128,0.0,128.0,0,extra_control,1,support_sqrt_bracket,weaker,nonlinear_reference,25,"Delta_obs * (1 + min(1, sqrt(ell_down / Delta_obs)))",constant_72000.csv,Constant 72k,0,0
0.0037480705220761528,none,strong,1.0,ablation_no_adiabatic_boundary,4000,0.0028399125242727823,128,-24.230013615120516,256.0,0,core_wsd,1,support_sqrt_bracket,weaker,nonlinear_reference,100,"Delta_obs * (1 + min(1, sqrt(ell_down / Delta_obs)))",wsd_20000_24000.csv,WSD sharp,0,1
0.003248313740665229,none,strong,1.0,ablation_no_adiabatic_boundary,4000,0.00233947214425925,128,-27.978873623822288,256.0,0,core_wsd,1,support_sqrt_bracket,weaker,nonlinear_reference,100,"Delta_obs * (1 + min(1, sqrt(ell_down / Delta_obs)))",wsdld_20000_24000.csv,WSD linear,0,1
0.0056693997340904675,none,strong,1.0,ablation_no_adiabatic_boundary,2,0.004971598809939256,128,-12.308197637843199,144.0,0,core_wsd,1,support_sqrt_bracket,weaker,nonlinear_reference,100,"Delta_obs * (1 + min(1, sqrt(ell_down / Delta_obs)))",wsdcon_3.csv,WSD-con 3e-5,0,1
0.004934623402238123,none,strong,1.0,ablation_no_adiabatic_boundary,2,0.004599774511664839,128,-6.7857030471952795,144.0,0,core_wsd,1,support_sqrt_bracket,weaker,nonlinear_reference,100,"Delta_obs * (1 + min(1, sqrt(ell_down / Delta_obs)))",wsdcon_9.csv,WSD-con 9e-5,0,1
0.0013816404339982303,none,strong,1.0,ablation_no_adiabatic_boundary,2,0.001274876301215185,128,-7.727345708469768,144.0,0,core_wsd,1,support_sqrt_bracket,weaker,nonlinear_reference,100,"Delta_obs * (1 + min(1, sqrt(ell_down / Delta_obs)))",wsdcon_18.csv,WSD-con 18e-5,0,1
0.0032781062167547585,none,strong,1.0,ablation_no_adiabatic_boundary,21840,0.003189772706942728,128,-2.6946506297004125,256.0,0,extra_control,1,support_sqrt_bracket,weaker,nonlinear_reference,100,"Delta_obs * (1 + min(1, sqrt(ell_down / Delta_obs)))",cosine_24000.csv,Cosine 24k,0,1
0.001848699219840022,none,strong,1.0,ablation_no_adiabatic_boundary,0,0.001848699219840022,128,0.0,128.0,0,extra_control,1,support_sqrt_bracket,weaker,nonlinear_reference,100,"Delta_obs * (1 + min(1, sqrt(ell_down / Delta_obs)))",constant_24000.csv,Constant 24k,0,0
0.004776169698442608,none,strong,1.0,ablation_no_adiabatic_boundary,0,0.004776169698442608,128,0.0,128.0,0,extra_control,1,support_sqrt_bracket,weaker,nonlinear_reference,100,"Delta_obs * (1 + min(1, sqrt(ell_down / Delta_obs)))",constant_72000.csv,Constant 72k,0,0
0.004701998914275349,none,strong,1.0,ablation_no_adiabatic_boundary,4000,0.003641153342705263,128,-22.561586910395505,256.0,0,core_wsd,1,support_sqrt_bracket,weaker,nonlinear_reference,400,"Delta_obs * (1 + min(1, sqrt(ell_down / Delta_obs)))",wsd_20000_24000.csv,WSD sharp,0,1
0.0038535563963712593,none,strong,1.0,ablation_no_adiabatic_boundary,4000,0.002834928350061145,128,-26.43345371224658,256.0,0,core_wsd,1,support_sqrt_bracket,weaker,nonlinear_reference,400,"Delta_obs * (1 + min(1, sqrt(ell_down / Delta_obs)))",wsdld_20000_24000.csv,WSD linear,0,1
0.008173606778800102,none,strong,1.0,ablation_no_adiabatic_boundary,2,0.0073084295109574204,128,-10.585012115908166,144.0,0,core_wsd,1,support_sqrt_bracket,weaker,nonlinear_reference,400,"Delta_obs * (1 + min(1, sqrt(ell_down / Delta_obs)))",wsdcon_3.csv,WSD-con 3e-5,0,1
0.006687305974578527,none,strong,1.0,ablation_no_adiabatic_boundary,2,0.0060406491446580645,128,-9.669915394610296,144.0,0,core_wsd,1,support_sqrt_bracket,weaker,nonlinear_reference,400,"Delta_obs * (1 + min(1, sqrt(ell_down / Delta_obs)))",wsdcon_9.csv,WSD-con 9e-5,0,1
0.0025579541942073844,none,strong,1.0,ablation_no_adiabatic_boundary,2,0.002280948969134772,128,-10.829170659111275,144.0,0,core_wsd,1,support_sqrt_bracket,weaker,nonlinear_reference,400,"Delta_obs * (1 + min(1, sqrt(ell_down / Delta_obs)))",wsdcon_18.csv,WSD-con 18e-5,0,1
0.007134640765897494,none,strong,1.0,ablation_no_adiabatic_boundary,21840,0.008367554882554126,128,17.280675469321103,256.0,0,extra_control,0,support_sqrt_bracket,weaker,nonlinear_reference,400,"Delta_obs * (1 + min(1, sqrt(ell_down / Delta_obs)))",cosine_24000.csv,Cosine 24k,0,0
0.001679822173746335,none,strong,1.0,ablation_no_adiabatic_boundary,0,0.001679822173746335,128,0.0,128.0,0,extra_control,1,support_sqrt_bracket,weaker,nonlinear_reference,400,"Delta_obs * (1 + min(1, sqrt(ell_down / Delta_obs)))",constant_24000.csv,Constant 24k,0,0
0.004118245803084534,none,strong,1.0,ablation_no_adiabatic_boundary,0,0.004118245803084534,128,0.0,128.0,0,extra_control,1,support_sqrt_bracket,weaker,nonlinear_reference,400,"Delta_obs * (1 + min(1, sqrt(ell_down / Delta_obs)))",constant_72000.csv,Constant 72k,0,0
0.003408385839825258,linear_support,strong,0.8168498168498168,recommended_boundary,4000,0.0028126899175170404,128,-17.477361727883423,256.0,0,core_wsd,1,support_sqrt_bracket,weaker,nonlinear_reference,25,"Delta_obs * (1 + min(1, sqrt(ell_down / Delta_obs)))",wsd_20000_24000.csv,WSD sharp,0,1
0.0031360955249893426,linear_support,strong,0.8168498168498168,recommended_boundary,4000,0.002528403286744869,128,-19.377351021427792,256.0,0,core_wsd,1,support_sqrt_bracket,weaker,nonlinear_reference,25,"Delta_obs * (1 + min(1, sqrt(ell_down / Delta_obs)))",wsdld_20000_24000.csv,WSD linear,0,1
0.004487187642230267,linear_support,strong,0.9998554913294798,recommended_boundary,2,0.003900100109692305,128,-13.083641232488386,144.0,0,core_wsd,1,support_sqrt_bracket,weaker,nonlinear_reference,25,"Delta_obs * (1 + min(1, sqrt(ell_down / Delta_obs)))",wsdcon_3.csv,WSD-con 3e-5,0,1
0.002926482771138891,linear_support,strong,0.9998554913294798,recommended_boundary,2,0.0026497184865287514,128,-9.457232666448668,144.0,0,core_wsd,1,support_sqrt_bracket,weaker,nonlinear_reference,25,"Delta_obs * (1 + min(1, sqrt(ell_down / Delta_obs)))",wsdcon_9.csv,WSD-con 9e-5,0,1
0.002504818961791151,linear_support,strong,0.9998554913294798,recommended_boundary,2,0.002280782222154625,128,-8.944228826674216,144.0,0,core_wsd,1,support_sqrt_bracket,weaker,nonlinear_reference,25,"Delta_obs * (1 + min(1, sqrt(ell_down / Delta_obs)))",wsdcon_18.csv,WSD-con 18e-5,0,1
0.004428106847791531,linear_support,strong,0.0,recommended_boundary,21840,0.004428106847791531,128,0.0,256.0,0,extra_control,1,support_sqrt_bracket,weaker,nonlinear_reference,25,"Delta_obs * (1 + min(1, sqrt(ell_down / Delta_obs)))",cosine_24000.csv,Cosine 24k,0,0
0.003761619732988638,linear_support,strong,0.0,recommended_boundary,0,0.003761619732988638,128,0.0,128.0,0,extra_control,1,support_sqrt_bracket,weaker,nonlinear_reference,25,"Delta_obs * (1 + min(1, sqrt(ell_down / Delta_obs)))",constant_24000.csv,Constant 24k,0,0
0.0015795124507172926,linear_support,strong,0.0,recommended_boundary,0,0.0015795124507172926,128,0.0,128.0,0,extra_control,1,support_sqrt_bracket,weaker,nonlinear_reference,25,"Delta_obs * (1 + min(1, sqrt(ell_down / Delta_obs)))",constant_72000.csv,Constant 72k,0,0
0.0037480705220761528,linear_support,strong,0.8168498168498168,recommended_boundary,4000,0.002957866925660198,128,-21.08294365758733,256.0,0,core_wsd,1,support_sqrt_bracket,weaker,nonlinear_reference,100,"Delta_obs * (1 + min(1, sqrt(ell_down / Delta_obs)))",wsd_20000_24000.csv,WSD sharp,0,1
0.003248313740665229,linear_support,strong,0.8168498168498168,recommended_boundary,4000,0.0025059266490955086,128,-22.85453779528345,256.0,0,core_wsd,1,support_sqrt_bracket,weaker,nonlinear_reference,100,"Delta_obs * (1 + min(1, sqrt(ell_down / Delta_obs)))",wsdld_20000_24000.csv,WSD linear,0,1
0.0056693997340904675,linear_support,strong,0.9998554913294798,recommended_boundary,2,0.004971613057095527,128,-12.307946338641539,144.0,0,core_wsd,1,support_sqrt_bracket,weaker,nonlinear_reference,100,"Delta_obs * (1 + min(1, sqrt(ell_down / Delta_obs)))",wsdcon_3.csv,WSD-con 3e-5,0,1
0.004934623402238123,linear_support,strong,0.9998554913294798,recommended_boundary,2,0.0045997391764013365,128,-6.786419115284426,144.0,0,core_wsd,1,support_sqrt_bracket,weaker,nonlinear_reference,100,"Delta_obs * (1 + min(1, sqrt(ell_down / Delta_obs)))",wsdcon_9.csv,WSD-con 9e-5,0,1
0.0013816404339982303,linear_support,strong,0.9998554913294798,recommended_boundary,2,0.001274855070909101,128,-7.728882309857632,144.0,0,core_wsd,1,support_sqrt_bracket,weaker,nonlinear_reference,100,"Delta_obs * (1 + min(1, sqrt(ell_down / Delta_obs)))",wsdcon_18.csv,WSD-con 18e-5,0,1
0.0032781062167547585,linear_support,strong,0.0,recommended_boundary,21840,0.0032781062167547585,128,0.0,256.0,0,extra_control,1,support_sqrt_bracket,weaker,nonlinear_reference,100,"Delta_obs * (1 + min(1, sqrt(ell_down / Delta_obs)))",cosine_24000.csv,Cosine 24k,0,0
0.001848699219840022,linear_support,strong,0.0,recommended_boundary,0,0.001848699219840022,128,0.0,128.0,0,extra_control,1,support_sqrt_bracket,weaker,nonlinear_reference,100,"Delta_obs * (1 + min(1, sqrt(ell_down / Delta_obs)))",constant_24000.csv,Constant 24k,0,0
0.004776169698442608,linear_support,strong,0.0,recommended_boundary,0,0.004776169698442608,128,0.0,128.0,0,extra_control,1,support_sqrt_bracket,weaker,nonlinear_reference,100,"Delta_obs * (1 + min(1, sqrt(ell_down / Delta_obs)))",constant_72000.csv,Constant 72k,0,0
0.004701998914275349,linear_support,strong,0.8168498168498168,recommended_boundary,4000,0.00377928904440882,128,-19.623778879768906,256.0,0,core_wsd,1,support_sqrt_bracket,weaker,nonlinear_reference,400,"Delta_obs * (1 + min(1, sqrt(ell_down / Delta_obs)))",wsd_20000_24000.csv,WSD sharp,0,1
0.0038535563963712593,linear_support,strong,0.8168498168498168,recommended_boundary,4000,0.002987769755480256,128,-22.467210852455153,256.0,0,core_wsd,1,support_sqrt_bracket,weaker,nonlinear_reference,400,"Delta_obs * (1 + min(1, sqrt(ell_down / Delta_obs)))",wsdld_20000_24000.csv,WSD linear,0,1
0.008173606778800102,linear_support,strong,0.9998554913294798,recommended_boundary,2,0.007308549571584174,128,-10.583543234054627,144.0,0,core_wsd,1,support_sqrt_bracket,weaker,nonlinear_reference,400,"Delta_obs * (1 + min(1, sqrt(ell_down / Delta_obs)))",wsdcon_3.csv,WSD-con 3e-5,0,1
0.006687305974578527,linear_support,strong,0.9998554913294798,recommended_boundary,2,0.006040736232589622,128,-9.668613107382996,144.0,0,core_wsd,1,support_sqrt_bracket,weaker,nonlinear_reference,400,"Delta_obs * (1 + min(1, sqrt(ell_down / Delta_obs)))",wsdcon_9.csv,WSD-con 9e-5,0,1
0.0025579541942073844,linear_support,strong,0.9998554913294798,recommended_boundary,2,0.0022809442617220538,128,-10.829354689487147,144.0,0,core_wsd,1,support_sqrt_bracket,weaker,nonlinear_reference,400,"Delta_obs * (1 + min(1, sqrt(ell_down / Delta_obs)))",wsdcon_18.csv,WSD-con 18e-5,0,1
0.007134640765897494,linear_support,strong,0.0,recommended_boundary,21840,0.007134640765897494,128,0.0,256.0,0,extra_control,1,support_sqrt_bracket,weaker,nonlinear_reference,400,"Delta_obs * (1 + min(1, sqrt(ell_down / Delta_obs)))",cosine_24000.csv,Cosine 24k,0,0
0.001679822173746335,linear_support,strong,0.0,recommended_boundary,0,0.001679822173746335,128,0.0,128.0,0,extra_control,1,support_sqrt_bracket,weaker,nonlinear_reference,400,"Delta_obs * (1 + min(1, sqrt(ell_down / Delta_obs)))",constant_24000.csv,Constant 24k,0,0
0.004118245803084534,linear_support,strong,0.0,recommended_boundary,0,0.004118245803084534,128,0.0,128.0,0,extra_control,1,support_sqrt_bracket,weaker,nonlinear_reference,400,"Delta_obs * (1 + min(1, sqrt(ell_down / Delta_obs)))",constant_72000.csv,Constant 72k,0,0
0.003408385839825258,none,strong,1.0,ablation_no_adiabatic_boundary,4000,0.002753306243810152,128,-19.2196431624857,256.0,0,core_wsd,1,support_log_bracket,weaker,nonlinear_reference,25,"Delta_obs * (1 + min(1, log1p(ell_down) / log1p(Delta_obs)))",wsd_20000_24000.csv,WSD sharp,0,1
0.0031360955249893426,none,strong,1.0,ablation_no_adiabatic_boundary,4000,0.0024096826835226784,128,-23.162969229680364,256.0,0,core_wsd,1,support_log_bracket,weaker,nonlinear_reference,25,"Delta_obs * (1 + min(1, log1p(ell_down) / log1p(Delta_obs)))",wsdld_20000_24000.csv,WSD linear,0,1
0.004487187642230267,none,strong,1.0,ablation_no_adiabatic_boundary,2,0.003851079990826587,128,-14.176087610357113,156.93576155806133,0,core_wsd,1,support_log_bracket,weaker,nonlinear_reference,25,"Delta_obs * (1 + min(1, log1p(ell_down) / log1p(Delta_obs)))",wsdcon_3.csv,WSD-con 3e-5,0,1
0.002926482771138891,none,strong,1.0,ablation_no_adiabatic_boundary,2,0.002651634600076935,128,-9.391757702198733,156.93576155806133,0,core_wsd,1,support_log_bracket,weaker,nonlinear_reference,25,"Delta_obs * (1 + min(1, log1p(ell_down) / log1p(Delta_obs)))",wsdcon_9.csv,WSD-con 9e-5,0,1
0.002504818961791151,none,strong,1.0,ablation_no_adiabatic_boundary,2,0.002281071342399839,128,-8.932686266128954,156.93576155806133,0,core_wsd,1,support_log_bracket,weaker,nonlinear_reference,25,"Delta_obs * (1 + min(1, log1p(ell_down) / log1p(Delta_obs)))",wsdcon_18.csv,WSD-con 18e-5,0,1
0.004428106847791531,none,strong,1.0,ablation_no_adiabatic_boundary,21840,0.004389325408371135,128,-0.875801798679221,256.0,0,extra_control,1,support_log_bracket,weaker,nonlinear_reference,25,"Delta_obs * (1 + min(1, log1p(ell_down) / log1p(Delta_obs)))",cosine_24000.csv,Cosine 24k,0,1
0.003761619732988638,none,strong,1.0,ablation_no_adiabatic_boundary,0,0.003761619732988638,128,0.0,128.0,0,extra_control,1,support_log_bracket,weaker,nonlinear_reference,25,"Delta_obs * (1 + min(1, log1p(ell_down) / log1p(Delta_obs)))",constant_24000.csv,Constant 24k,0,0
0.0015795124507172926,none,strong,1.0,ablation_no_adiabatic_boundary,0,0.0015795124507172926,128,0.0,128.0,0,extra_control,1,support_log_bracket,weaker,nonlinear_reference,25,"Delta_obs * (1 + min(1, log1p(ell_down) / log1p(Delta_obs)))",constant_72000.csv,Constant 72k,0,0
0.0037480705220761528,none,strong,1.0,ablation_no_adiabatic_boundary,4000,0.0028399125242727823,128,-24.230013615120516,256.0,0,core_wsd,1,support_log_bracket,weaker,nonlinear_reference,100,"Delta_obs * (1 + min(1, log1p(ell_down) / log1p(Delta_obs)))",wsd_20000_24000.csv,WSD sharp,0,1
0.003248313740665229,none,strong,1.0,ablation_no_adiabatic_boundary,4000,0.00233947214425925,128,-27.978873623822288,256.0,0,core_wsd,1,support_log_bracket,weaker,nonlinear_reference,100,"Delta_obs * (1 + min(1, log1p(ell_down) / log1p(Delta_obs)))",wsdld_20000_24000.csv,WSD linear,0,1
0.0056693997340904675,none,strong,1.0,ablation_no_adiabatic_boundary,2,0.004922388502338299,128,-13.176196189877764,156.93576155806133,0,core_wsd,1,support_log_bracket,weaker,nonlinear_reference,100,"Delta_obs * (1 + min(1, log1p(ell_down) / log1p(Delta_obs)))",wsdcon_3.csv,WSD-con 3e-5,0,1
0.004934623402238123,none,strong,1.0,ablation_no_adiabatic_boundary,2,0.004606744413107599,128,-6.6444581967858625,156.93576155806133,0,core_wsd,1,support_log_bracket,weaker,nonlinear_reference,100,"Delta_obs * (1 + min(1, log1p(ell_down) / log1p(Delta_obs)))",wsdcon_9.csv,WSD-con 9e-5,0,1
0.0013816404339982303,none,strong,1.0,ablation_no_adiabatic_boundary,2,0.0012814277437882364,128,-7.253167158693785,156.93576155806133,0,core_wsd,1,support_log_bracket,weaker,nonlinear_reference,100,"Delta_obs * (1 + min(1, log1p(ell_down) / log1p(Delta_obs)))",wsdcon_18.csv,WSD-con 18e-5,0,1
0.0032781062167547585,none,strong,1.0,ablation_no_adiabatic_boundary,21840,0.003189772706942728,128,-2.6946506297004125,256.0,0,extra_control,1,support_log_bracket,weaker,nonlinear_reference,100,"Delta_obs * (1 + min(1, log1p(ell_down) / log1p(Delta_obs)))",cosine_24000.csv,Cosine 24k,0,1
0.001848699219840022,none,strong,1.0,ablation_no_adiabatic_boundary,0,0.001848699219840022,128,0.0,128.0,0,extra_control,1,support_log_bracket,weaker,nonlinear_reference,100,"Delta_obs * (1 + min(1, log1p(ell_down) / log1p(Delta_obs)))",constant_24000.csv,Constant 24k,0,0
0.004776169698442608,none,strong,1.0,ablation_no_adiabatic_boundary,0,0.004776169698442608,128,0.0,128.0,0,extra_control,1,support_log_bracket,weaker,nonlinear_reference,100,"Delta_obs * (1 + min(1, log1p(ell_down) / log1p(Delta_obs)))",constant_72000.csv,Constant 72k,0,0
0.004701998914275349,none,strong,1.0,ablation_no_adiabatic_boundary,4000,0.003641153342705263,128,-22.561586910395505,256.0,0,core_wsd,1,support_log_bracket,weaker,nonlinear_reference,400,"Delta_obs * (1 + min(1, log1p(ell_down) / log1p(Delta_obs)))",wsd_20000_24000.csv,WSD sharp,0,1
0.0038535563963712593,none,strong,1.0,ablation_no_adiabatic_boundary,4000,0.002834928350061145,128,-26.43345371224658,256.0,0,core_wsd,1,support_log_bracket,weaker,nonlinear_reference,400,"Delta_obs * (1 + min(1, log1p(ell_down) / log1p(Delta_obs)))",wsdld_20000_24000.csv,WSD linear,0,1
0.008173606778800102,none,strong,1.0,ablation_no_adiabatic_boundary,2,0.007192499149575519,128,-12.003362233785008,156.93576155806133,0,core_wsd,1,support_log_bracket,weaker,nonlinear_reference,400,"Delta_obs * (1 + min(1, log1p(ell_down) / log1p(Delta_obs)))",wsdcon_3.csv,WSD-con 3e-5,0,1
0.006687305974578527,none,strong,1.0,ablation_no_adiabatic_boundary,2,0.005993580952569177,128,-10.37375924844044,156.93576155806133,0,core_wsd,1,support_log_bracket,weaker,nonlinear_reference,400,"Delta_obs * (1 + min(1, log1p(ell_down) / log1p(Delta_obs)))",wsdcon_9.csv,WSD-con 9e-5,0,1
0.0025579541942073844,none,strong,1.0,ablation_no_adiabatic_boundary,2,0.0022893485500446184,128,-10.500799614435508,156.93576155806133,0,core_wsd,1,support_log_bracket,weaker,nonlinear_reference,400,"Delta_obs * (1 + min(1, log1p(ell_down) / log1p(Delta_obs)))",wsdcon_18.csv,WSD-con 18e-5,0,1
0.007134640765897494,none,strong,1.0,ablation_no_adiabatic_boundary,21840,0.008367554882554126,128,17.280675469321103,256.0,0,extra_control,0,support_log_bracket,weaker,nonlinear_reference,400,"Delta_obs * (1 + min(1, log1p(ell_down) / log1p(Delta_obs)))",cosine_24000.csv,Cosine 24k,0,0
0.001679822173746335,none,strong,1.0,ablation_no_adiabatic_boundary,0,0.001679822173746335,128,0.0,128.0,0,extra_control,1,support_log_bracket,weaker,nonlinear_reference,400,"Delta_obs * (1 + min(1, log1p(ell_down) / log1p(Delta_obs)))",constant_24000.csv,Constant 24k,0,0
0.004118245803084534,none,strong,1.0,ablation_no_adiabatic_boundary,0,0.004118245803084534,128,0.0,128.0,0,extra_control,1,support_log_bracket,weaker,nonlinear_reference,400,"Delta_obs * (1 + min(1, log1p(ell_down) / log1p(Delta_obs)))",constant_72000.csv,Constant 72k,0,0
0.003408385839825258,linear_support,strong,0.8168498168498168,recommended_boundary,4000,0.0028126899175170404,128,-17.477361727883423,256.0,0,core_wsd,1,support_log_bracket,weaker,nonlinear_reference,25,"Delta_obs * (1 + min(1, log1p(ell_down) / log1p(Delta_obs)))",wsd_20000_24000.csv,WSD sharp,0,1
0.0031360955249893426,linear_support,strong,0.8168498168498168,recommended_boundary,4000,0.002528403286744869,128,-19.377351021427792,256.0,0,core_wsd,1,support_log_bracket,weaker,nonlinear_reference,25,"Delta_obs * (1 + min(1, log1p(ell_down) / log1p(Delta_obs)))",wsdld_20000_24000.csv,WSD linear,0,1
0.004487187642230267,linear_support,strong,0.9998554913294798,recommended_boundary,2,0.0038511042755448185,128,-14.175546409048678,156.93576155806133,0,core_wsd,1,support_log_bracket,weaker,nonlinear_reference,25,"Delta_obs * (1 + min(1, log1p(ell_down) / log1p(Delta_obs)))",wsdcon_3.csv,WSD-con 3e-5,0,1
0.002926482771138891,linear_support,strong,0.9998554913294798,recommended_boundary,2,0.002651605123339412,128,-9.392764943307885,156.93576155806133,0,core_wsd,1,support_log_bracket,weaker,nonlinear_reference,25,"Delta_obs * (1 + min(1, log1p(ell_down) / log1p(Delta_obs)))",wsdcon_9.csv,WSD-con 9e-5,0,1
0.002504818961791151,linear_support,strong,0.9998554913294798,recommended_boundary,2,0.002281055549449196,128,-8.933316768807343,156.93576155806133,0,core_wsd,1,support_log_bracket,weaker,nonlinear_reference,25,"Delta_obs * (1 + min(1, log1p(ell_down) / log1p(Delta_obs)))",wsdcon_18.csv,WSD-con 18e-5,0,1
0.004428106847791531,linear_support,strong,0.0,recommended_boundary,21840,0.004428106847791531,128,0.0,256.0,0,extra_control,1,support_log_bracket,weaker,nonlinear_reference,25,"Delta_obs * (1 + min(1, log1p(ell_down) / log1p(Delta_obs)))",cosine_24000.csv,Cosine 24k,0,0
0.003761619732988638,linear_support,strong,0.0,recommended_boundary,0,0.003761619732988638,128,0.0,128.0,0,extra_control,1,support_log_bracket,weaker,nonlinear_reference,25,"Delta_obs * (1 + min(1, log1p(ell_down) / log1p(Delta_obs)))",constant_24000.csv,Constant 24k,0,0
0.0015795124507172926,linear_support,strong,0.0,recommended_boundary,0,0.0015795124507172926,128,0.0,128.0,0,extra_control,1,support_log_bracket,weaker,nonlinear_reference,25,"Delta_obs * (1 + min(1, log1p(ell_down) / log1p(Delta_obs)))",constant_72000.csv,Constant 72k,0,0
0.0037480705220761528,linear_support,strong,0.8168498168498168,recommended_boundary,4000,0.002957866925660198,128,-21.08294365758733,256.0,0,core_wsd,1,support_log_bracket,weaker,nonlinear_reference,100,"Delta_obs * (1 + min(1, log1p(ell_down) / log1p(Delta_obs)))",wsd_20000_24000.csv,WSD sharp,0,1
0.003248313740665229,linear_support,strong,0.8168498168498168,recommended_boundary,4000,0.0025059266490955086,128,-22.85453779528345,256.0,0,core_wsd,1,support_log_bracket,weaker,nonlinear_reference,100,"Delta_obs * (1 + min(1, log1p(ell_down) / log1p(Delta_obs)))",wsdld_20000_24000.csv,WSD linear,0,1
0.0056693997340904675,linear_support,strong,0.9998554913294798,recommended_boundary,2,0.004922409860810721,128,-13.175819457358918,156.93576155806133,0,core_wsd,1,support_log_bracket,weaker,nonlinear_reference,100,"Delta_obs * (1 + min(1, log1p(ell_down) / log1p(Delta_obs)))",wsdcon_3.csv,WSD-con 3e-5,0,1
0.004934623402238123,linear_support,strong,0.9998554913294798,recommended_boundary,2,0.00460670807063293,128,-6.645194675980037,156.93576155806133,0,core_wsd,1,support_log_bracket,weaker,nonlinear_reference,100,"Delta_obs * (1 + min(1, log1p(ell_down) / log1p(Delta_obs)))",wsdcon_9.csv,WSD-con 9e-5,0,1
0.0013816404339982303,linear_support,strong,0.9998554913294798,recommended_boundary,2,0.0012814039197860893,128,-7.254891485918213,156.93576155806133,0,core_wsd,1,support_log_bracket,weaker,nonlinear_reference,100,"Delta_obs * (1 + min(1, log1p(ell_down) / log1p(Delta_obs)))",wsdcon_18.csv,WSD-con 18e-5,0,1
0.0032781062167547585,linear_support,strong,0.0,recommended_boundary,21840,0.0032781062167547585,128,0.0,256.0,0,extra_control,1,support_log_bracket,weaker,nonlinear_reference,100,"Delta_obs * (1 + min(1, log1p(ell_down) / log1p(Delta_obs)))",cosine_24000.csv,Cosine 24k,0,0
0.001848699219840022,linear_support,strong,0.0,recommended_boundary,0,0.001848699219840022,128,0.0,128.0,0,extra_control,1,support_log_bracket,weaker,nonlinear_reference,100,"Delta_obs * (1 + min(1, log1p(ell_down) / log1p(Delta_obs)))",constant_24000.csv,Constant 24k,0,0
0.004776169698442608,linear_support,strong,0.0,recommended_boundary,0,0.004776169698442608,128,0.0,128.0,0,extra_control,1,support_log_bracket,weaker,nonlinear_reference,100,"Delta_obs * (1 + min(1, log1p(ell_down) / log1p(Delta_obs)))",constant_72000.csv,Constant 72k,0,0
0.004701998914275349,linear_support,strong,0.8168498168498168,recommended_boundary,4000,0.00377928904440882,128,-19.623778879768906,256.0,0,core_wsd,1,support_log_bracket,weaker,nonlinear_reference,400,"Delta_obs * (1 + min(1, log1p(ell_down) / log1p(Delta_obs)))",wsd_20000_24000.csv,WSD sharp,0,1
0.0038535563963712593,linear_support,strong,0.8168498168498168,recommended_boundary,4000,0.002987769755480256,128,-22.467210852455153,256.0,0,core_wsd,1,support_log_bracket,weaker,nonlinear_reference,400,"Delta_obs * (1 + min(1, log1p(ell_down) / log1p(Delta_obs)))",wsdld_20000_24000.csv,WSD linear,0,1
0.008173606778800102,linear_support,strong,0.9998554913294798,recommended_boundary,2,0.007192635963144649,128,-12.001688388041842,156.93576155806133,0,core_wsd,1,support_log_bracket,weaker,nonlinear_reference,400,"Delta_obs * (1 + min(1, log1p(ell_down) / log1p(Delta_obs)))",wsdcon_3.csv,WSD-con 3e-5,0,1
0.006687305974578527,linear_support,strong,0.9998554913294798,recommended_boundary,2,0.0059935864975089875,128,-10.373676331046934,156.93576155806133,0,core_wsd,1,support_log_bracket,weaker,nonlinear_reference,400,"Delta_obs * (1 + min(1, log1p(ell_down) / log1p(Delta_obs)))",wsdcon_9.csv,WSD-con 9e-5,0,1
0.0025579541942073844,linear_support,strong,0.9998554913294798,recommended_boundary,2,0.0022893163765215756,128,-10.502057397828024,156.93576155806133,0,core_wsd,1,support_log_bracket,weaker,nonlinear_reference,400,"Delta_obs * (1 + min(1, log1p(ell_down) / log1p(Delta_obs)))",wsdcon_18.csv,WSD-con 18e-5,0,1
0.007134640765897494,linear_support,strong,0.0,recommended_boundary,21840,0.007134640765897494,128,0.0,256.0,0,extra_control,1,support_log_bracket,weaker,nonlinear_reference,400,"Delta_obs * (1 + min(1, log1p(ell_down) / log1p(Delta_obs)))",cosine_24000.csv,Cosine 24k,0,0
0.001679822173746335,linear_support,strong,0.0,recommended_boundary,0,0.001679822173746335,128,0.0,128.0,0,extra_control,1,support_log_bracket,weaker,nonlinear_reference,400,"Delta_obs * (1 + min(1, log1p(ell_down) / log1p(Delta_obs)))",constant_24000.csv,Constant 24k,0,0
0.004118245803084534,linear_support,strong,0.0,recommended_boundary,0,0.004118245803084534,128,0.0,128.0,0,extra_control,1,support_log_bracket,weaker,nonlinear_reference,400,"Delta_obs * (1 + min(1, log1p(ell_down) / log1p(Delta_obs)))",constant_72000.csv,Constant 72k,0,0
0.003408385839825258,none,strong,1.0,ablation_no_adiabatic_boundary,4000,0.002753306243810152,128,-19.2196431624857,256.0,0,core_wsd,1,fixed_two_obs,strong,unsafe_upper,25,2 * Delta_obs,wsd_20000_24000.csv,WSD sharp,0,1
0.0031360955249893426,none,strong,1.0,ablation_no_adiabatic_boundary,4000,0.0024096826835226784,128,-23.162969229680364,256.0,0,core_wsd,1,fixed_two_obs,strong,unsafe_upper,25,2 * Delta_obs,wsdld_20000_24000.csv,WSD linear,0,1
0.004487187642230267,none,strong,1.0,ablation_no_adiabatic_boundary,2,0.003554570257185336,128,-20.78400680791215,256.0,0,core_wsd,1,fixed_two_obs,strong,unsafe_upper,25,2 * Delta_obs,wsdcon_3.csv,WSD-con 3e-5,0,1
0.002926482771138891,none,strong,1.0,ablation_no_adiabatic_boundary,2,0.002754023489348364,128,-5.893056452999767,256.0,0,core_wsd,1,fixed_two_obs,strong,unsafe_upper,25,2 * Delta_obs,wsdcon_9.csv,WSD-con 9e-5,0,1
0.002504818961791151,none,strong,1.0,ablation_no_adiabatic_boundary,2,0.0022779275157016727,128,-9.058197400710831,256.0,0,core_wsd,1,fixed_two_obs,strong,unsafe_upper,25,2 * Delta_obs,wsdcon_18.csv,WSD-con 18e-5,0,1
0.004428106847791531,none,strong,1.0,ablation_no_adiabatic_boundary,21840,0.004389325408371135,128,-0.875801798679221,256.0,0,extra_control,1,fixed_two_obs,strong,unsafe_upper,25,2 * Delta_obs,cosine_24000.csv,Cosine 24k,0,1
0.003761619732988638,none,strong,1.0,ablation_no_adiabatic_boundary,0,0.003761619732988638,128,0.0,256.0,0,extra_control,1,fixed_two_obs,strong,unsafe_upper,25,2 * Delta_obs,constant_24000.csv,Constant 24k,0,0
0.0015795124507172926,none,strong,1.0,ablation_no_adiabatic_boundary,0,0.0015795124507172926,128,0.0,256.0,0,extra_control,1,fixed_two_obs,strong,unsafe_upper,25,2 * Delta_obs,constant_72000.csv,Constant 72k,0,0
0.0037480705220761528,none,strong,1.0,ablation_no_adiabatic_boundary,4000,0.0028399125242727823,128,-24.230013615120516,256.0,0,core_wsd,1,fixed_two_obs,strong,unsafe_upper,100,2 * Delta_obs,wsd_20000_24000.csv,WSD sharp,0,1
0.003248313740665229,none,strong,1.0,ablation_no_adiabatic_boundary,4000,0.00233947214425925,128,-27.978873623822288,256.0,0,core_wsd,1,fixed_two_obs,strong,unsafe_upper,100,2 * Delta_obs,wsdld_20000_24000.csv,WSD linear,0,1
0.0056693997340904675,none,strong,1.0,ablation_no_adiabatic_boundary,2,0.004528435769565193,128,-20.124951812174828,256.0,0,core_wsd,1,fixed_two_obs,strong,unsafe_upper,100,2 * Delta_obs,wsdcon_3.csv,WSD-con 3e-5,0,1
0.004934623402238123,none,strong,1.0,ablation_no_adiabatic_boundary,2,0.0047480851480658955,128,-3.78019230581248,256.0,0,core_wsd,1,fixed_two_obs,strong,unsafe_upper,100,2 * Delta_obs,wsdcon_9.csv,WSD-con 9e-5,0,1
0.0013816404339982303,none,strong,1.0,ablation_no_adiabatic_boundary,2,0.0015883878253701916,128,14.96390712695559,256.0,0,core_wsd,0,fixed_two_obs,strong,unsafe_upper,100,2 * Delta_obs,wsdcon_18.csv,WSD-con 18e-5,0,0
0.0032781062167547585,none,strong,1.0,ablation_no_adiabatic_boundary,21840,0.003189772706942728,128,-2.6946506297004125,256.0,0,extra_control,1,fixed_two_obs,strong,unsafe_upper,100,2 * Delta_obs,cosine_24000.csv,Cosine 24k,0,1
0.001848699219840022,none,strong,1.0,ablation_no_adiabatic_boundary,0,0.001848699219840022,128,0.0,256.0,0,extra_control,1,fixed_two_obs,strong,unsafe_upper,100,2 * Delta_obs,constant_24000.csv,Constant 24k,0,0
0.004776169698442608,none,strong,1.0,ablation_no_adiabatic_boundary,0,0.004776169698442608,128,0.0,256.0,0,extra_control,1,fixed_two_obs,strong,unsafe_upper,100,2 * Delta_obs,constant_72000.csv,Constant 72k,0,0
0.004701998914275349,none,strong,1.0,ablation_no_adiabatic_boundary,4000,0.003641153342705263,128,-22.561586910395505,256.0,0,core_wsd,1,fixed_two_obs,strong,unsafe_upper,400,2 * Delta_obs,wsd_20000_24000.csv,WSD sharp,0,1
0.0038535563963712593,none,strong,1.0,ablation_no_adiabatic_boundary,4000,0.002834928350061145,128,-26.43345371224658,256.0,0,core_wsd,1,fixed_two_obs,strong,unsafe_upper,400,2 * Delta_obs,wsdld_20000_24000.csv,WSD linear,0,1
0.008173606778800102,none,strong,1.0,ablation_no_adiabatic_boundary,2,0.006367172958277,128,-22.1008163153683,256.0,0,core_wsd,1,fixed_two_obs,strong,unsafe_upper,400,2 * Delta_obs,wsdcon_3.csv,WSD-con 3e-5,0,1
0.006687305974578527,none,strong,1.0,ablation_no_adiabatic_boundary,2,0.005847236926836412,128,-12.562144620503346,256.0,0,core_wsd,1,fixed_two_obs,strong,unsafe_upper,400,2 * Delta_obs,wsdcon_9.csv,WSD-con 9e-5,0,1
0.0025579541942073844,none,strong,1.0,ablation_no_adiabatic_boundary,2,0.0025442162882024816,128,-0.5370661459072612,256.0,0,core_wsd,1,fixed_two_obs,strong,unsafe_upper,400,2 * Delta_obs,wsdcon_18.csv,WSD-con 18e-5,0,1
0.007134640765897494,none,strong,1.0,ablation_no_adiabatic_boundary,21840,0.008367554882554126,128,17.280675469321103,256.0,0,extra_control,0,fixed_two_obs,strong,unsafe_upper,400,2 * Delta_obs,cosine_24000.csv,Cosine 24k,0,0
0.001679822173746335,none,strong,1.0,ablation_no_adiabatic_boundary,0,0.001679822173746335,128,0.0,256.0,0,extra_control,1,fixed_two_obs,strong,unsafe_upper,400,2 * Delta_obs,constant_24000.csv,Constant 24k,0,0
0.004118245803084534,none,strong,1.0,ablation_no_adiabatic_boundary,0,0.004118245803084534,128,0.0,256.0,0,extra_control,1,fixed_two_obs,strong,unsafe_upper,400,2 * Delta_obs,constant_72000.csv,Constant 72k,0,0
0.003408385839825258,linear_support,strong,0.8168498168498168,recommended_boundary,4000,0.0028126899175170404,128,-17.477361727883423,256.0,0,core_wsd,1,fixed_two_obs,strong,unsafe_upper,25,2 * Delta_obs,wsd_20000_24000.csv,WSD sharp,0,1
0.0031360955249893426,linear_support,strong,0.8168498168498168,recommended_boundary,4000,0.002528403286744869,128,-19.377351021427792,256.0,0,core_wsd,1,fixed_two_obs,strong,unsafe_upper,25,2 * Delta_obs,wsdld_20000_24000.csv,WSD linear,0,1
0.004487187642230267,linear_support,strong,0.9998554913294798,recommended_boundary,2,0.003554510814885042,128,-20.785331519625437,256.0,0,core_wsd,1,fixed_two_obs,strong,unsafe_upper,25,2 * Delta_obs,wsdcon_3.csv,WSD-con 3e-5,0,1
0.002926482771138891,linear_support,strong,0.9998554913294798,recommended_boundary,2,0.002753907391913105,128,-5.897023585026096,256.0,0,core_wsd,1,fixed_two_obs,strong,unsafe_upper,25,2 * Delta_obs,wsdcon_9.csv,WSD-con 9e-5,0,1
0.002504818961791151,linear_support,strong,0.9998554913294798,recommended_boundary,2,0.002277876579387236,128,-9.060230933481616,256.0,0,core_wsd,1,fixed_two_obs,strong,unsafe_upper,25,2 * Delta_obs,wsdcon_18.csv,WSD-con 18e-5,0,1
0.004428106847791531,linear_support,strong,0.0,recommended_boundary,21840,0.004428106847791531,128,0.0,256.0,0,extra_control,1,fixed_two_obs,strong,unsafe_upper,25,2 * Delta_obs,cosine_24000.csv,Cosine 24k,0,0
0.003761619732988638,linear_support,strong,0.0,recommended_boundary,0,0.003761619732988638,128,0.0,256.0,0,extra_control,1,fixed_two_obs,strong,unsafe_upper,25,2 * Delta_obs,constant_24000.csv,Constant 24k,0,0
0.0015795124507172926,linear_support,strong,0.0,recommended_boundary,0,0.0015795124507172926,128,0.0,256.0,0,extra_control,1,fixed_two_obs,strong,unsafe_upper,25,2 * Delta_obs,constant_72000.csv,Constant 72k,0,0
0.0037480705220761528,linear_support,strong,0.8168498168498168,recommended_boundary,4000,0.002957866925660198,128,-21.08294365758733,256.0,0,core_wsd,1,fixed_two_obs,strong,unsafe_upper,100,2 * Delta_obs,wsd_20000_24000.csv,WSD sharp,0,1
0.003248313740665229,linear_support,strong,0.8168498168498168,recommended_boundary,4000,0.0025059266490955086,128,-22.85453779528345,256.0,0,core_wsd,1,fixed_two_obs,strong,unsafe_upper,100,2 * Delta_obs,wsdld_20000_24000.csv,WSD linear,0,1
0.0056693997340904675,linear_support,strong,0.9998554913294798,recommended_boundary,2,0.004528431941916923,128,-20.125019326346518,256.0,0,core_wsd,1,fixed_two_obs,strong,unsafe_upper,100,2 * Delta_obs,wsdcon_3.csv,WSD-con 3e-5,0,1
0.004934623402238123,linear_support,strong,0.9998554913294798,recommended_boundary,2,0.004747948812610888,128,-3.782955139850541,256.0,0,core_wsd,1,fixed_two_obs,strong,unsafe_upper,100,2 * Delta_obs,wsdcon_9.csv,WSD-con 9e-5,0,1
0.0013816404339982303,linear_support,strong,0.9998554913294798,recommended_boundary,2,0.0015882876708948322,128,14.956658173255711,256.0,0,core_wsd,0,fixed_two_obs,strong,unsafe_upper,100,2 * Delta_obs,wsdcon_18.csv,WSD-con 18e-5,0,0
0.0032781062167547585,linear_support,strong,0.0,recommended_boundary,21840,0.0032781062167547585,128,0.0,256.0,0,extra_control,1,fixed_two_obs,strong,unsafe_upper,100,2 * Delta_obs,cosine_24000.csv,Cosine 24k,0,0
0.001848699219840022,linear_support,strong,0.0,recommended_boundary,0,0.001848699219840022,128,0.0,256.0,0,extra_control,1,fixed_two_obs,strong,unsafe_upper,100,2 * Delta_obs,constant_24000.csv,Constant 24k,0,0
0.004776169698442608,linear_support,strong,0.0,recommended_boundary,0,0.004776169698442608,128,0.0,256.0,0,extra_control,1,fixed_two_obs,strong,unsafe_upper,100,2 * Delta_obs,constant_72000.csv,Constant 72k,0,0
0.004701998914275349,linear_support,strong,0.8168498168498168,recommended_boundary,4000,0.00377928904440882,128,-19.623778879768906,256.0,0,core_wsd,1,fixed_two_obs,strong,unsafe_upper,400,2 * Delta_obs,wsd_20000_24000.csv,WSD sharp,0,1
0.0038535563963712593,linear_support,strong,0.8168498168498168,recommended_boundary,4000,0.002987769755480256,128,-22.467210852455153,256.0,0,core_wsd,1,fixed_two_obs,strong,unsafe_upper,400,2 * Delta_obs,wsdld_20000_24000.csv,WSD linear,0,1
0.008173606778800102,linear_support,strong,0.9998554913294798,recommended_boundary,2,0.006367288313407696,128,-22.0994050029108,256.0,0,core_wsd,1,fixed_two_obs,strong,unsafe_upper,400,2 * Delta_obs,wsdcon_3.csv,WSD-con 3e-5,0,1
0.006687305974578527,linear_support,strong,0.9998554913294798,recommended_boundary,2,0.00584714529353355,128,-12.563514877871718,256.0,0,core_wsd,1,fixed_two_obs,strong,unsafe_upper,400,2 * Delta_obs,wsdcon_9.csv,WSD-con 9e-5,0,1
0.0025579541942073844,linear_support,strong,0.9998554913294798,recommended_boundary,2,0.0025440888601186862,128,-0.5420477864731432,256.0,0,core_wsd,1,fixed_two_obs,strong,unsafe_upper,400,2 * Delta_obs,wsdcon_18.csv,WSD-con 18e-5,0,1
0.007134640765897494,linear_support,strong,0.0,recommended_boundary,21840,0.007134640765897494,128,0.0,256.0,0,extra_control,1,fixed_two_obs,strong,unsafe_upper,400,2 * Delta_obs,cosine_24000.csv,Cosine 24k,0,0
0.001679822173746335,linear_support,strong,0.0,recommended_boundary,0,0.001679822173746335,128,0.0,256.0,0,extra_control,1,fixed_two_obs,strong,unsafe_upper,400,2 * Delta_obs,constant_24000.csv,Constant 24k,0,0
0.004118245803084534,linear_support,strong,0.0,recommended_boundary,0,0.004118245803084534,128,0.0,256.0,0,extra_control,1,fixed_two_obs,strong,unsafe_upper,400,2 * Delta_obs,constant_72000.csv,Constant 72k,0,0
